type,ss_1,ss_2,ss_3,
cali,11.57,11.53,11.65,
field_start,12.29,,,-0.062229905
field_end,12.17,,,-0.048820179
