replicate,extracted,in_vivo
1,1.665341051,2.367
2,1.782354143,2.632
3,2.017206071,2.528
